old	new	old_tree	new_tree	old_date	new_date	old_parents	new_parents
b91e4220df6a67e612d3b7b2d30f56603ad6eb28	fed83e4b2e08eb186f8275175107c26d86e10860	a0f4a2722127f7eb0ff3ba2114d538e06192954e	a0f4a2722127f7eb0ff3ba2114d538e06192954e	2025-05-01T21:16:11+09:00	2025-05-17T09:01:11+09:00	-	-
d96c524ca8d6870f564d11adfb884b077b21061f	2f8f77a995c4ab1ec2cf0cccdab61829bdad4dc2	841387d87029ad071cfd1ee8610fac781c428efd	841387d87029ad071cfd1ee8610fac781c428efd	2025-05-02T12:57:43+09:00	2025-05-17T09:11:43+09:00	b91e4220df6a67e612d3b7b2d30f56603ad6eb28	fed83e4b2e08eb186f8275175107c26d86e10860
2bf88fce76131604acf85d1332af159941cc8db5	3b2fc22c13917c5bde7ef2756d1c5d0b713488f7	841387d87029ad071cfd1ee8610fac781c428efd	841387d87029ad071cfd1ee8610fac781c428efd	2025-05-04T09:34:51+09:00	2025-05-17T09:21:51+09:00	b91e4220df6a67e612d3b7b2d30f56603ad6eb28 d96c524ca8d6870f564d11adfb884b077b21061f	fed83e4b2e08eb186f8275175107c26d86e10860 2f8f77a995c4ab1ec2cf0cccdab61829bdad4dc2
a5929ceb96872ca9efb5b8d79a45e00d69f53538	04396f821ce7046d018f04ed6b64c4b6e5f3e875	c0fd1d83cae83530b0742c886a9ad0ba9934ff44	c0fd1d83cae83530b0742c886a9ad0ba9934ff44	2025-05-07T10:32:51+09:00	2025-05-17T09:31:51+09:00	2bf88fce76131604acf85d1332af159941cc8db5	3b2fc22c13917c5bde7ef2756d1c5d0b713488f7
9a8c31c94c11406847ec493bece2373a9b90c983	7578682c55859c9d53d98135f9ac8c44567951e3	c0fd1d83cae83530b0742c886a9ad0ba9934ff44	c0fd1d83cae83530b0742c886a9ad0ba9934ff44	2025-05-10T18:30:52+09:00	2025-05-17T09:41:52+09:00	2bf88fce76131604acf85d1332af159941cc8db5 a5929ceb96872ca9efb5b8d79a45e00d69f53538	3b2fc22c13917c5bde7ef2756d1c5d0b713488f7 04396f821ce7046d018f04ed6b64c4b6e5f3e875
7b03770121fb3a82a4f101b75206cc50ee37d920	645df459b8d4638b913d52963bad9fa09f640778	74eea7505f36febf29112867a7364738fc007c22	74eea7505f36febf29112867a7364738fc007c22	2025-05-14T09:28:53+09:00	2025-05-17T09:51:53+09:00	9a8c31c94c11406847ec493bece2373a9b90c983	7578682c55859c9d53d98135f9ac8c44567951e3
226443e4e6f3ec0944bdcadaed47257d3f5a9008	701b6405f52a1bafc208ea4f8dad2cc1a38fb4c8	74eea7505f36febf29112867a7364738fc007c22	74eea7505f36febf29112867a7364738fc007c22	2025-05-17T10:26:53+09:00	2025-05-17T10:26:53+09:00	9a8c31c94c11406847ec493bece2373a9b90c983 7b03770121fb3a82a4f101b75206cc50ee37d920	7578682c55859c9d53d98135f9ac8c44567951e3 645df459b8d4638b913d52963bad9fa09f640778
55d8763ad5405e85bf469f6f700efba27e03fc4c	b85b06deaf96a3939443b2d5097429ff70947841	56263289a7d782d6c29d3517f54437c3424f6932	56263289a7d782d6c29d3517f54437c3424f6932	2025-05-19T15:45:34+09:00	2025-05-19T15:45:34+09:00	226443e4e6f3ec0944bdcadaed47257d3f5a9008	701b6405f52a1bafc208ea4f8dad2cc1a38fb4c8
d71ab552a6f2c09660526b2d44b9f555ece83c1b	213859dec334b2a44b56e4106ee57abb1609be10	56263289a7d782d6c29d3517f54437c3424f6932	56263289a7d782d6c29d3517f54437c3424f6932	2025-05-21T21:04:14+09:00	2025-05-21T21:04:14+09:00	226443e4e6f3ec0944bdcadaed47257d3f5a9008 55d8763ad5405e85bf469f6f700efba27e03fc4c	701b6405f52a1bafc208ea4f8dad2cc1a38fb4c8 b85b06deaf96a3939443b2d5097429ff70947841
1eeabdb794e42b61b97d160acf795180c10addb3	48b3f90bc6918f8a86d9633ab99ccfd3521e49e1	ceefff1d88f8c9b16915546ab66d6011e3d9e406	ceefff1d88f8c9b16915546ab66d6011e3d9e406	2025-05-22T14:58:40+09:00	2025-05-22T14:58:40+09:00	d71ab552a6f2c09660526b2d44b9f555ece83c1b	213859dec334b2a44b56e4106ee57abb1609be10
b5c3ff0d098709c51f6677b3c4a31a5a7e64dc34	f986de089112b79be715c16d06ae027bfadc41e2	dea669aca3970642243b017905120114a2c4a287	dea669aca3970642243b017905120114a2c4a287	2025-05-27T10:20:55+09:00	2025-05-27T10:20:55+09:00	1eeabdb794e42b61b97d160acf795180c10addb3	48b3f90bc6918f8a86d9633ab99ccfd3521e49e1
d75ad739cc34cc5ff647c76f0464f527f1cc3237	917c497af058f8945c134af9044ea10b38e0e695	665123517ac551a156c0435304173719f66a0fa3	665123517ac551a156c0435304173719f66a0fa3	2025-05-29T15:39:35+09:00	2025-05-29T15:39:35+09:00	b5c3ff0d098709c51f6677b3c4a31a5a7e64dc34	f986de089112b79be715c16d06ae027bfadc41e2
7f9cc3752b49061d1ac19b3a750661cd385d659d	87ce0a1097c0c27b82dfe0115900c54c79478cac	bb8bfd2268c49c88780619d7a921c56c3d0b9df2	bb8bfd2268c49c88780619d7a921c56c3d0b9df2	2025-06-03T09:16:56+09:00	2025-06-03T09:16:56+09:00	d75ad739cc34cc5ff647c76f0464f527f1cc3237	917c497af058f8945c134af9044ea10b38e0e695
2b056def85f2d2de2a9ddb72e789b9fdaacedc00	d36563055712b6c1197fbe8656429689b3924de2	5ec9a23f451bcdf272cc7ba83cebe98be1a5bbf3	5ec9a23f451bcdf272cc7ba83cebe98be1a5bbf3	2025-06-05T09:35:37+09:00	2025-06-05T09:35:37+09:00	7f9cc3752b49061d1ac19b3a750661cd385d659d	87ce0a1097c0c27b82dfe0115900c54c79478cac
4ed21be2c9d36fbe183f5a9e9f4c15940e52380a	400fbc5849266e778cec0fcf123689fc92513e42	5cf5a8ecfec885dc5881bff4fe7a77221713d9fc	5cf5a8ecfec885dc5881bff4fe7a77221713d9fc	2025-06-06T10:14:57+09:00	2025-06-06T10:14:57+09:00	2b056def85f2d2de2a9ddb72e789b9fdaacedc00	d36563055712b6c1197fbe8656429689b3924de2
61dfef4b5bd13e40dac2e5b16dc217e955e14501	6d76b9132a5c6b3b49aeb020daedd051d1e0269b	5cf5a8ecfec885dc5881bff4fe7a77221713d9fc	5cf5a8ecfec885dc5881bff4fe7a77221713d9fc	2025-06-10T20:52:18+09:00	2025-06-10T20:52:18+09:00	d71ab552a6f2c09660526b2d44b9f555ece83c1b 4ed21be2c9d36fbe183f5a9e9f4c15940e52380a	213859dec334b2a44b56e4106ee57abb1609be10 400fbc5849266e778cec0fcf123689fc92513e42
54ac5de5fa5f85596480584f1bd69e91de5c991b	baf73a09e8b0cc8a9588360271724ce109fae159	c536a202c6e2476df330f924b00e869fb5754e1d	c536a202c6e2476df330f924b00e869fb5754e1d	2025-06-11T10:19:57+09:00	2025-06-11T10:19:57+09:00	61dfef4b5bd13e40dac2e5b16dc217e955e14501	6d76b9132a5c6b3b49aeb020daedd051d1e0269b
858b15442f8961689a8e0d6e1784139b9af40c80	c79b8f064bc27c9c3d65cb8c1c6cffad75b625dc	2e23ba08e8b165e84a9c4e7515f785528c44bfe0	2e23ba08e8b165e84a9c4e7515f785528c44bfe0	2025-06-15T09:29:38+09:00	2025-06-15T09:29:38+09:00	54ac5de5fa5f85596480584f1bd69e91de5c991b	baf73a09e8b0cc8a9588360271724ce109fae159
2ae9689a54cb4ffa434bbab3fbb08e8c96d36109	dab141956f8870cf07ed73c94564ac693cd0186c	78463434a003f59eb937d8eb54ec00ed6cc256d4	78463434a003f59eb937d8eb54ec00ed6cc256d4	2025-06-17T12:48:19+09:00	2025-06-17T12:48:19+09:00	858b15442f8961689a8e0d6e1784139b9af40c80	c79b8f064bc27c9c3d65cb8c1c6cffad75b625dc
38ade8d0d5dda7efad1718765e68f415df9d261c	21b516ba465bab753caf088d38c3497b18f4639e	8aeeb71e07a3e88b0f17b580322e64ff171dec76	8aeeb71e07a3e88b0f17b580322e64ff171dec76	2025-06-20T20:46:19+09:00	2025-06-20T20:46:19+09:00	2ae9689a54cb4ffa434bbab3fbb08e8c96d36109	dab141956f8870cf07ed73c94564ac693cd0186c
32e08424bf26f684f03455d1ef1e9e674d8b64e7	64c3b4b6156f0e9495a23b9f19248e7bd9b7cc84	f9641d9a5957a5ced258ec73718fdaf27c9960f6	f9641d9a5957a5ced258ec73718fdaf27c9960f6	2025-06-21T11:26:41+09:00	2025-06-21T11:26:41+09:00	38ade8d0d5dda7efad1718765e68f415df9d261c	21b516ba465bab753caf088d38c3497b18f4639e
a633e74bba71162c3d6035b570c25ccfbc02d80f	d91c8f9388d7774b8c4e4da74eafb885f1d5547f	f9641d9a5957a5ced258ec73718fdaf27c9960f6	f9641d9a5957a5ced258ec73718fdaf27c9960f6	2025-06-25T09:23:40+09:00	2025-06-25T09:23:40+09:00	61dfef4b5bd13e40dac2e5b16dc217e955e14501 32e08424bf26f684f03455d1ef1e9e674d8b64e7	6d76b9132a5c6b3b49aeb020daedd051d1e0269b 64c3b4b6156f0e9495a23b9f19248e7bd9b7cc84
0ec3817809452902f52822cd79e730aabee5f040	965240bf1609a6259fa724610156b39f11db37b2	1de74f765ffb271ae80048e6d739e41350376eb3	1de74f765ffb271ae80048e6d739e41350376eb3	2025-06-26T10:03:00+09:00	2025-06-26T10:03:00+09:00	a633e74bba71162c3d6035b570c25ccfbc02d80f	d91c8f9388d7774b8c4e4da74eafb885f1d5547f
c6f191558c985403faa27e05f75081bebda9c8c9	9b7e279fd9e404ac5697349b054fa34bd18fdda7	d5e023bbc2e5d661eb831d62a638adfff4454ecd	d5e023bbc2e5d661eb831d62a638adfff4454ecd	2025-06-29T18:01:01+09:00	2025-06-29T18:01:01+09:00	0ec3817809452902f52822cd79e730aabee5f040	965240bf1609a6259fa724610156b39f11db37b2
5efe07de9f1e7e79407035047cf5767d7a6b3d9d	31da25d9cd899b053571245e3dde4ed81f49064f	1057d2a117d3cd881a835f411828687f869b7ddd	1057d2a117d3cd881a835f411828687f869b7ddd	2025-07-01T10:39:54+09:00	2025-07-01T10:39:54+09:00	c6f191558c985403faa27e05f75081bebda9c8c9	9b7e279fd9e404ac5697349b054fa34bd18fdda7
a0c91ff4941a07d6f953f5882e420d8a612cc409	9ca10bd2ea7e44bec34e54cbf7787f0b0daf1551	ebcd308aac0a28054f5e33bcda90ddd1919f3338	ebcd308aac0a28054f5e33bcda90ddd1919f3338	2025-07-05T09:17:42+09:00	2025-07-05T09:17:42+09:00	5efe07de9f1e7e79407035047cf5767d7a6b3d9d	31da25d9cd899b053571245e3dde4ed81f49064f
b5a850cc8cc2269df0066b3e256de39be2e62c1d	e2de9777691bc4cb0d4c31c1e0a8456d239a399e	11fcde2682980ad9c3485864c7091b391e774d50	11fcde2682980ad9c3485864c7091b391e774d50	2025-07-06T09:57:02+09:00	2025-07-06T09:57:02+09:00	a0c91ff4941a07d6f953f5882e420d8a612cc409	9ca10bd2ea7e44bec34e54cbf7787f0b0daf1551
bbba3caeae6fa5bde12991473559a486ca68ff54	afc394563fab9c54b93272247f72e2841b339049	11fcde2682980ad9c3485864c7091b391e774d50	11fcde2682980ad9c3485864c7091b391e774d50	2025-07-09T17:55:03+09:00	2025-07-09T17:55:03+09:00	a633e74bba71162c3d6035b570c25ccfbc02d80f b5a850cc8cc2269df0066b3e256de39be2e62c1d	d91c8f9388d7774b8c4e4da74eafb885f1d5547f e2de9777691bc4cb0d4c31c1e0a8456d239a399e
1c3907ac8bc9bb636eb447109057900dc40b1def	9140d30854fdad59cb15a98d96fe46cc27b616cc	52fa8f50e52ba4118f54861c93588bf5d6d04d9b	52fa8f50e52ba4118f54861c93588bf5d6d04d9b	2025-07-10T20:34:23+09:00	2025-07-10T20:34:23+09:00	bbba3caeae6fa5bde12991473559a486ca68ff54	afc394563fab9c54b93272247f72e2841b339049
88d6118e67dc731a1cdd8727f8c202fd09a46654	c21c63124df196e3a3d400e82c12d5a253eb5cea	4c13e8f55435c3779bc8d6c6720c1405d205f3b2	4c13e8f55435c3779bc8d6c6720c1405d205f3b2	2025-07-14T09:32:24+09:00	2025-07-14T09:32:24+09:00	1c3907ac8bc9bb636eb447109057900dc40b1def	9140d30854fdad59cb15a98d96fe46cc27b616cc
a777659d010fc3d22f8fca9f99e8cfc54c12e781	e4bc7f9b612bed9468cabad4f8f0c49a25bc1146	c66f4051de1285986ff06c881534ff2616f4de3b	c66f4051de1285986ff06c881534ff2616f4de3b	2025-07-16T09:51:04+09:00	2025-07-16T09:51:04+09:00	88d6118e67dc731a1cdd8727f8c202fd09a46654	c21c63124df196e3a3d400e82c12d5a253eb5cea
a2bcfb9eeb8adea932ec8822f977fa3a3fc0e493	4b17d30f7bbae469db401fa0fee17d9d8119f87a	feda70cccd0efee7bb89d9a0baa8e7f0fca8c73c	feda70cccd0efee7bb89d9a0baa8e7f0fca8c73c	2025-07-19T17:49:05+09:00	2025-07-19T17:49:05+09:00	a777659d010fc3d22f8fca9f99e8cfc54c12e781	e4bc7f9b612bed9468cabad4f8f0c49a25bc1146
720de0d0a4ff95b6a67e8e78564f6ff6644e46f2	ebc0d636cd5c47c9643e874014fd4f34aecb7f78	21787cc81205b40fafaebf02938ac7471145211b	21787cc81205b40fafaebf02938ac7471145211b	2025-07-21T13:17:40+09:00	2025-07-21T13:17:40+09:00	a2bcfb9eeb8adea932ec8822f977fa3a3fc0e493	4b17d30f7bbae469db401fa0fee17d9d8119f87a
5a9ca21102c05a039d3fc956ea7b4652579fe012	8fd48423c03cf053aec8939da72ba0e8583b1f9e	b03bf8a484e7be1c8145d0986233134b6776456d	b03bf8a484e7be1c8145d0986233134b6776456d	2025-07-23T09:47:05+09:00	2025-07-23T09:47:05+09:00	720de0d0a4ff95b6a67e8e78564f6ff6644e46f2	ebc0d636cd5c47c9643e874014fd4f34aecb7f78
2f76e7b461ccfd2219acbac7f9388f44077b5464	aa486d4affc07ddd6d8e40e51d42961d8444e261	b03bf8a484e7be1c8145d0986233134b6776456d	b03bf8a484e7be1c8145d0986233134b6776456d	2025-07-26T09:45:06+09:00	2025-07-26T09:45:06+09:00	bbba3caeae6fa5bde12991473559a486ca68ff54 5a9ca21102c05a039d3fc956ea7b4652579fe012	afc394563fab9c54b93272247f72e2841b339049 8fd48423c03cf053aec8939da72ba0e8583b1f9e
2f8b5a9b54297cc9d1878f6acab3a66f0f0f8788	cdd70944ee6aa149c66c6c37840760ffe3b2eb35	95c680b5c13522aa46c51f83b40b86049378df05	95c680b5c13522aa46c51f83b40b86049378df05	2025-07-27T12:24:26+09:00	2025-07-27T12:24:26+09:00	2f76e7b461ccfd2219acbac7f9388f44077b5464	aa486d4affc07ddd6d8e40e51d42961d8444e261
810113db46ff8695b816cc1796ab15fcf1b6a2ed	03b7b5ea7501ad44828c517680f1f0d57a31f9fd	9118ec1f62c04a8e47584f2a1bce3abef5780d7a	9118ec1f62c04a8e47584f2a1bce3abef5780d7a	2025-07-30T20:22:26+09:00	2025-07-30T20:22:26+09:00	2f8b5a9b54297cc9d1878f6acab3a66f0f0f8788	cdd70944ee6aa149c66c6c37840760ffe3b2eb35
d134be2eb7ca24baa35e698919eed0d045eab7d1	2a648f0ae2b457a1b6ed72406bbf4c2d363079c7	c6e06cf9e0116c09125e8c36c6b8afced723a989	c6e06cf9e0116c09125e8c36c6b8afced723a989	2025-08-02T09:41:07+09:00	2025-08-02T09:41:07+09:00	810113db46ff8695b816cc1796ab15fcf1b6a2ed	03b7b5ea7501ad44828c517680f1f0d57a31f9fd
3a0e21d2a329b3852cfbe52db1e19576f52d145e	0877255d0ce7d2f0b9cd532bbbbbd0c50946ffc7	4b3bafaa85b06fe8e296cdce5d3309be794fc74c	4b3bafaa85b06fe8e296cdce5d3309be794fc74c	2025-08-05T09:39:07+09:00	2025-08-05T09:39:07+09:00	d134be2eb7ca24baa35e698919eed0d045eab7d1	2a648f0ae2b457a1b6ed72406bbf4c2d363079c7
1bdb4ec5b1d7ebc45de9118b6c8c7fff55d7bbb3	2fb78e993199c512201cfa080fe89879dbc9f644	7629b14c914eb69e0956a9f7dd45b2315952cb8b	7629b14c914eb69e0956a9f7dd45b2315952cb8b	2025-08-07T14:57:48+09:00	2025-08-07T14:57:48+09:00	3a0e21d2a329b3852cfbe52db1e19576f52d145e	0877255d0ce7d2f0b9cd532bbbbbd0c50946ffc7
535e2d4a8adaa90c7884d4f49e9946aa22caa7c5	c7f4d45c597b331c64b6611a0d6d9926d6866e85	b77a49c045380ba16c03a846a6e0d6ef94a7092e	b77a49c045380ba16c03a846a6e0d6ef94a7092e	2025-08-09T20:16:28+09:00	2025-08-09T20:16:28+09:00	1bdb4ec5b1d7ebc45de9118b6c8c7fff55d7bbb3	2fb78e993199c512201cfa080fe89879dbc9f644
358afed8fed53308dc453f53df9f25f51957249e	b6582d82ef6ae7aea4e87c616d1acbb1c6b1cf55	b77a49c045380ba16c03a846a6e0d6ef94a7092e	b77a49c045380ba16c03a846a6e0d6ef94a7092e	2025-08-13T09:14:29+09:00	2025-08-13T09:14:29+09:00	2f76e7b461ccfd2219acbac7f9388f44077b5464 535e2d4a8adaa90c7884d4f49e9946aa22caa7c5	aa486d4affc07ddd6d8e40e51d42961d8444e261 c7f4d45c597b331c64b6611a0d6d9926d6866e85
3e200de8804c6669a71c9d07f8c7bb3c2c5870c2	bf405273c0f4815af701994d507e0e9fe3a631ea	d99078dae10a387f8fd878afd2abdd1328696b1a	d99078dae10a387f8fd878afd2abdd1328696b1a	2025-08-14T09:53:49+09:00	2025-08-14T09:53:49+09:00	358afed8fed53308dc453f53df9f25f51957249e	b6582d82ef6ae7aea4e87c616d1acbb1c6b1cf55
7ba5cfa6ab49e0a1ef6d5c68baaad8a1b826503d	270759205c70b3adf5cc737c4b7f36ce9603084d	8d62a39e872b05e5d600f5a137ad3a1dce01a574	8d62a39e872b05e5d600f5a137ad3a1dce01a574	2025-08-17T14:51:50+09:00	2025-08-17T14:51:50+09:00	3e200de8804c6669a71c9d07f8c7bb3c2c5870c2	bf405273c0f4815af701994d507e0e9fe3a631ea
8e1584c35306d879fb204a110447045887df9f76	4096bdfb9b4e320c356a09261e3f9b77622c2885	c1ccce52f37f0848ef0ec94165f8a88dc4a836e9	c1ccce52f37f0848ef0ec94165f8a88dc4a836e9	2025-08-19T20:10:30+09:00	2025-08-19T20:10:30+09:00	7ba5cfa6ab49e0a1ef6d5c68baaad8a1b826503d	270759205c70b3adf5cc737c4b7f36ce9603084d
49076d6fc163089abbda09d9665f4b10252ef8c3	66dbdc6aabf1cecacf7580ca2d647304c53a351d	6066a55f7358bcb3efb5391ef6011d50ac47b12a	6066a55f7358bcb3efb5391ef6011d50ac47b12a	2025-08-23T09:08:31+09:00	2025-08-23T09:08:31+09:00	8e1584c35306d879fb204a110447045887df9f76	4096bdfb9b4e320c356a09261e3f9b77622c2885
a0f5248144bb12ad35d45fbe7df8163b6c590791	f0b64ebc11e41f7fba40abd4456d00df6fb3df09	87bd14b5d3de2c87263658f413a2d95aa4f72395	87bd14b5d3de2c87263658f413a2d95aa4f72395	2025-08-25T09:27:11+09:00	2025-08-25T09:27:11+09:00	49076d6fc163089abbda09d9665f4b10252ef8c3	66dbdc6aabf1cecacf7580ca2d647304c53a351d
088db969cdd440a340b8c5593805923c9ec9da7e	a0a11883c95f1a3141d1f723d7dd78980f542efc	874b0aa7885cb59e14fefad34ea4317261766bde	874b0aa7885cb59e14fefad34ea4317261766bde	2025-08-26T13:41:32+09:00	2025-08-26T13:41:32+09:00	a0f5248144bb12ad35d45fbe7df8163b6c590791	f0b64ebc11e41f7fba40abd4456d00df6fb3df09
e69a7e0f720853cbd6746532866f4a941cb3c320	5f0d01248fc59d1a4320f1a068d55a859bc34834	f9067f88ff47fb454ecd6f40a7ab511f79a76e1b	f9067f88ff47fb454ecd6f40a7ab511f79a76e1b	2025-08-27T18:34:20+09:00	2025-08-27T18:34:20+09:00	088db969cdd440a340b8c5593805923c9ec9da7e	a0a11883c95f1a3141d1f723d7dd78980f542efc
15c1af53d5c70ab634985b4b08f2a88fae00947e	4e8e229176deb54f934a523cc5cea2c405257f81	f9067f88ff47fb454ecd6f40a7ab511f79a76e1b	f9067f88ff47fb454ecd6f40a7ab511f79a76e1b	2025-08-30T09:41:29+09:00	2025-08-30T09:41:29+09:00	358afed8fed53308dc453f53df9f25f51957249e e69a7e0f720853cbd6746532866f4a941cb3c320	b6582d82ef6ae7aea4e87c616d1acbb1c6b1cf55 5f0d01248fc59d1a4320f1a068d55a859bc34834
4f8d60d4d8d93adc440117547b7324220d8a6152	69afe830983189966dc046a888f5b6cf6bdfae5b	97968c1596c1cb7751ee88ac555e7ec9979e4773	97968c1596c1cb7751ee88ac555e7ec9979e4773	2025-08-30T10:02:07+09:00	2025-08-30T10:02:07+09:00	15c1af53d5c70ab634985b4b08f2a88fae00947e	4e8e229176deb54f934a523cc5cea2c405257f81
53f4db59097cc059ddcb5011fae94b490c242a6b	489e8acb67fc02ab14dd409998df6f719ada3e24	741770f8fe2abc591c681b22aaf6aa6ccda0036c	741770f8fe2abc591c681b22aaf6aa6ccda0036c	2025-09-02T09:51:01+09:00	2025-09-02T09:51:01+09:00	4f8d60d4d8d93adc440117547b7324220d8a6152	69afe830983189966dc046a888f5b6cf6bdfae5b
157b685991b68272344a48ecf0de59ecc07ec1b1	cdef0b60acf6e35926fe1490dd3027a8cec7c59b	ffac4ae85fb21e765c4f82024cf85c5cd61e3dff	ffac4ae85fb21e765c4f82024cf85c5cd61e3dff	2025-09-03T21:55:47+09:00	2025-09-03T21:55:47+09:00	53f4db59097cc059ddcb5011fae94b490c242a6b	489e8acb67fc02ab14dd409998df6f719ada3e24
618ebd78100eb9ed024a7f48b0491f47786c8210	ee6cf7485fc08e297476c37b2894780f59e5dd92	319f2eac969f0d927ccffcde6e9211c81b586209	319f2eac969f0d927ccffcde6e9211c81b586209	2025-09-06T09:02:56+09:00	2025-09-06T09:02:56+09:00	157b685991b68272344a48ecf0de59ecc07ec1b1	cdef0b60acf6e35926fe1490dd3027a8cec7c59b
68feb4cfdd3250f4b236ae82c8bf651083c40bc5	0f6058ffe6685e79f44ddbc33dc4802b9438a7a1	e6ebeaca7d18dadf94de584e509a0f1314e274cd	e6ebeaca7d18dadf94de584e509a0f1314e274cd	2025-09-07T21:07:42+09:00	2025-09-07T21:07:42+09:00	618ebd78100eb9ed024a7f48b0491f47786c8210	ee6cf7485fc08e297476c37b2894780f59e5dd92
3accf9dd58a8164e8b2b6b7151682a93b6dae46f	8995ec12dbbdd91909c8b8dec427b62d5d688743	4456bb0f054fea533b43609ee3b6ca2eb3790ffe	4456bb0f054fea533b43609ee3b6ca2eb3790ffe	2025-09-08T16:10:05+09:00	2025-09-08T16:10:05+09:00	68feb4cfdd3250f4b236ae82c8bf651083c40bc5	0f6058ffe6685e79f44ddbc33dc4802b9438a7a1
8b17c79a4b4edb4094b50cf1214838acdf41468d	20a9776d2223c50410aca1036bd2f7e1afb2597c	4456bb0f054fea533b43609ee3b6ca2eb3790ffe	4456bb0f054fea533b43609ee3b6ca2eb3790ffe	2025-09-11T09:17:14+09:00	2025-09-11T09:17:14+09:00	15c1af53d5c70ab634985b4b08f2a88fae00947e 3accf9dd58a8164e8b2b6b7151682a93b6dae46f	4e8e229176deb54f934a523cc5cea2c405257f81 8995ec12dbbdd91909c8b8dec427b62d5d688743
168f3a9e7b2c97c6ecba55f1c744597e1b3af0fa	3a389865d70cdeb9167a53f1e4c0b1dc2f0dd174	e4ca9a8d7eac1ed664bbf9bf84caa59165001442	e4ca9a8d7eac1ed664bbf9bf84caa59165001442	2025-09-11T20:19:37+09:00	2025-09-11T20:19:37+09:00	8b17c79a4b4edb4094b50cf1214838acdf41468d	20a9776d2223c50410aca1036bd2f7e1afb2597c
6803627bdb273333716808a7649fc2054a80e359	11bbb8ccef813d18e04753da7d4418edc769e20c	651571ade86f68a7c8dfed081558b6605f633520	651571ade86f68a7c8dfed081558b6605f633520	2025-09-14T09:26:46+09:00	2025-09-14T09:26:46+09:00	168f3a9e7b2c97c6ecba55f1c744597e1b3af0fa	3a389865d70cdeb9167a53f1e4c0b1dc2f0dd174
7d0328924a54a446711fd83d7640ad0ca25bd32e	a8223860165fad95e204d1a6a346cdfac3c772a5	99822d8444f52b3b85e5c3b4be15ad6d27d20544	99822d8444f52b3b85e5c3b4be15ad6d27d20544	2025-09-15T19:31:32+09:00	2025-09-15T19:31:32+09:00	6803627bdb273333716808a7649fc2054a80e359	11bbb8ccef813d18e04753da7d4418edc769e20c
2e9c1b951507edb9fdaf26b146902ac7f160d72f	1b585e75cffd76e36ba9255a7f79a6b03b5e543a	31869118908a4edeb187e0a6c848f8d4cd0f8af6	31869118908a4edeb187e0a6c848f8d4cd0f8af6	2025-09-18T09:38:41+09:00	2025-09-18T09:38:41+09:00	7d0328924a54a446711fd83d7640ad0ca25bd32e	a8223860165fad95e204d1a6a346cdfac3c772a5
ac953e48b3f39b5437b133a6ebe0da2dc143147b	47f16f3d5f31f8600e16ddf200314c4e7049a949	9545f8182df7adf22b9938e32c744e4f3c0e1b3b	9545f8182df7adf22b9938e32c744e4f3c0e1b3b	2025-09-19T18:43:27+09:00	2025-09-19T18:43:27+09:00	2e9c1b951507edb9fdaf26b146902ac7f160d72f	1b585e75cffd76e36ba9255a7f79a6b03b5e543a
2beacd0ca75599840f1341f94ecf7f36cfa77cfb	e2d23dac34f84409c43c753f7b5fbc6431de11d9	745e83c0f8c75e9730afbb86e6707c58119a53be	745e83c0f8c75e9730afbb86e6707c58119a53be	2025-09-20T13:45:50+09:00	2025-09-20T13:45:50+09:00	ac953e48b3f39b5437b133a6ebe0da2dc143147b	47f16f3d5f31f8600e16ddf200314c4e7049a949
7bf5f5d804ee9d65df00460da1d1297b4e735966	a3627ab7c577c4ca9e741aa1e5a734c26a274d8d	745e83c0f8c75e9730afbb86e6707c58119a53be	745e83c0f8c75e9730afbb86e6707c58119a53be	2025-09-22T10:46:15+09:00	2025-09-22T10:46:15+09:00	8b17c79a4b4edb4094b50cf1214838acdf41468d 2beacd0ca75599840f1341f94ecf7f36cfa77cfb	20a9776d2223c50410aca1036bd2f7e1afb2597c e2d23dac34f84409c43c753f7b5fbc6431de11d9
cb11ba86e457ac388bcc28b3ce33af376b0756a3	470b167a29f33ad086e6632cfcfc4f80aebc5869	83b2fca3a8f70442a5030d0ba5921335a436734d	83b2fca3a8f70442a5030d0ba5921335a436734d	2025-09-23T17:55:22+09:00	2025-09-23T17:55:22+09:00	7bf5f5d804ee9d65df00460da1d1297b4e735966	a3627ab7c577c4ca9e741aa1e5a734c26a274d8d
36b0f2f80467caf0ba799cd789ad6bcc165838a8	a29c58d8b5b8f76f010bdb45c72dc9bc58bbc76e	07c28331983a1fd6daa8e0062caa682ec2f038af	07c28331983a1fd6daa8e0062caa682ec2f038af	2025-09-26T11:00:50+09:00	2025-09-26T11:00:50+09:00	cb11ba86e457ac388bcc28b3ce33af376b0756a3	470b167a29f33ad086e6632cfcfc4f80aebc5869
88809861a330a4f7b6a41ef22932f3e6487b4c16	992179e3341803aff783b019adfcb70b268c6dfc	c4f4f788f5254f64ecb284710d3960ce67c451ae	c4f4f788f5254f64ecb284710d3960ce67c451ae	2025-09-28T12:09:40+09:00	2025-09-28T12:09:40+09:00	36b0f2f80467caf0ba799cd789ad6bcc165838a8	a29c58d8b5b8f76f010bdb45c72dc9bc58bbc76e
5db9ed0eb2f1c956a9b0d15388317be060103a24	d4e81e00113f586726009d230b5a48319c2d5639	47a046e12ba45773952b8dc4813628beba39e5c2	47a046e12ba45773952b8dc4813628beba39e5c2	2025-10-01T16:19:12+09:00	2025-10-01T16:19:12+09:00	88809861a330a4f7b6a41ef22932f3e6487b4c16	992179e3341803aff783b019adfcb70b268c6dfc
93a3321b8291c343cc01bac0dbd97015714ef989	6446259d40af9edc01858256137b3cde0c7301ef	8b24e4e459bfae28a896ca340d19ed10e98112ea	8b24e4e459bfae28a896ca340d19ed10e98112ea	2025-10-03T09:23:58+09:00	2025-10-03T09:23:58+09:00	5db9ed0eb2f1c956a9b0d15388317be060103a24	d4e81e00113f586726009d230b5a48319c2d5639
d39e2c0feda29bad5184087c5e1c6df5b023f9f6	fc76e4aba3a25a8e558750ec64cd2f6a81cc8b2f	7ad6b74808a3804d470fc40016219ff330d07722	7ad6b74808a3804d470fc40016219ff330d07722	2025-10-04T09:26:21+09:00	2025-10-04T09:26:21+09:00	93a3321b8291c343cc01bac0dbd97015714ef989	6446259d40af9edc01858256137b3cde0c7301ef
5acd90747f63c87a0b5d3121bd02ca7e118aa1a1	90a16e5c74e55d1d896820f815cb1448b1fe120f	7ad6b74808a3804d470fc40016219ff330d07722	7ad6b74808a3804d470fc40016219ff330d07722	2025-10-07T09:35:53+09:00	2025-10-07T09:35:53+09:00	7bf5f5d804ee9d65df00460da1d1297b4e735966 d39e2c0feda29bad5184087c5e1c6df5b023f9f6	a3627ab7c577c4ca9e741aa1e5a734c26a274d8d fc76e4aba3a25a8e558750ec64cd2f6a81cc8b2f
a023748d4ee23774fe3196f246fbdca6d191d2ef	b244e72fce7707ef8ed624b86a741082302f795c	c46586186dc5c1a711d4d57cfb228c8f4b05db61	c46586186dc5c1a711d4d57cfb228c8f4b05db61	2025-10-08T09:38:16+09:00	2025-10-08T09:38:16+09:00	5acd90747f63c87a0b5d3121bd02ca7e118aa1a1	90a16e5c74e55d1d896820f815cb1448b1fe120f
6694272ee33e5e7be1b1cff7854dc0572a543d88	1d5c69694ec470b53e2e11cf61f702786872a690	0de560cdc66ad87526226e1ca6d2b2c69906ff63	0de560cdc66ad87526226e1ca6d2b2c69906ff63	2025-10-10T09:45:25+09:00	2025-10-10T09:45:25+09:00	a023748d4ee23774fe3196f246fbdca6d191d2ef	b244e72fce7707ef8ed624b86a741082302f795c
c1d1c9f5f53852e1e4aa561b8b3a56109adf9e0c	f691b73312329d95eea1b79f1d2684ebfc687b71	32f6ed8c2d5b295bc63267a64ad4c919ec7df0c8	32f6ed8c2d5b295bc63267a64ad4c919ec7df0c8	2025-10-11T14:29:02+09:00	2025-10-11T14:29:02+09:00	6694272ee33e5e7be1b1cff7854dc0572a543d88	1d5c69694ec470b53e2e11cf61f702786872a690
587bf522fd2a28547cab1949ee164b6e63614667	21015a368c8cf24eaf2faf4e0497a5a82f0c0185	cd8621e68dc859d5831b31ace2969d359a9391f1	cd8621e68dc859d5831b31ace2969d359a9391f1	2025-10-14T09:57:20+09:00	2025-10-14T09:57:20+09:00	c1d1c9f5f53852e1e4aa561b8b3a56109adf9e0c	f691b73312329d95eea1b79f1d2684ebfc687b71
5344d53a1fb94e4ef104378bb9a95cb474a7e0ad	365eda6f3739e3d6a46fb5eab3c0dc1ed0c9f4b9	d83d5928a85d14bebf0b4d2aa663770ce1864dd1	d83d5928a85d14bebf0b4d2aa663770ce1864dd1	2025-10-15T11:54:12+09:00	2025-10-15T11:54:12+09:00	587bf522fd2a28547cab1949ee164b6e63614667	21015a368c8cf24eaf2faf4e0497a5a82f0c0185
abdf4d1ca44599c87802966925673d0c840831c7	8aa098f51e307f4f5190ef36db355aa09e6c6cf3	75eae4199724c4537a3300fa9f78dfeb0de8dfa6	75eae4199724c4537a3300fa9f78dfeb0de8dfa6	2025-10-16T18:04:29+09:00	2025-10-16T18:04:29+09:00	5344d53a1fb94e4ef104378bb9a95cb474a7e0ad	365eda6f3739e3d6a46fb5eab3c0dc1ed0c9f4b9
24c35894500ba76b4bc3221c7e5797d355b63560	b87e19ea2a38a963c9297863b1448fdca6c21f7c	75eae4199724c4537a3300fa9f78dfeb0de8dfa6	75eae4199724c4537a3300fa9f78dfeb0de8dfa6	2025-10-19T09:11:38+09:00	2025-10-19T09:11:38+09:00	5acd90747f63c87a0b5d3121bd02ca7e118aa1a1 abdf4d1ca44599c87802966925673d0c840831c7	90a16e5c74e55d1d896820f815cb1448b1fe120f 8aa098f51e307f4f5190ef36db355aa09e6c6cf3
9dfb5558877dc62ae4e84023b6c7b5c6e96f71d6	a5d7b130f5561a84ef4f112debdc7f1c70ca1efa	88bdb38967061306e6ea20197fc97d7f3607a778	88bdb38967061306e6ea20197fc97d7f3607a778	2025-10-19T09:31:15+09:00	2025-10-19T09:31:15+09:00	24c35894500ba76b4bc3221c7e5797d355b63560	b87e19ea2a38a963c9297863b1448fdca6c21f7c
4b5373b6b8a3eaf55acf95bbef352a13fbd97ff2	3088c3bee74c7f04cc8e5eb5d18f88e7c9fb835e	b19a90b663111d0301ada5d2c243aed55bee4731	b19a90b663111d0301ada5d2c243aed55bee4731	2025-10-22T09:21:10+09:00	2025-10-22T09:21:10+09:00	9dfb5558877dc62ae4e84023b6c7b5c6e96f71d6	a5d7b130f5561a84ef4f112debdc7f1c70ca1efa
5bbd167ca9077b45d63eef1d0d8d270bac436936	13f6159043ceb1b5be335390ac58b4885fe88d04	7b4dba7c69628ef87b4ce1fe15fd655138b3bef1	7b4dba7c69628ef87b4ce1fe15fd655138b3bef1	2025-10-23T21:25:56+09:00	2025-10-23T21:25:56+09:00	4b5373b6b8a3eaf55acf95bbef352a13fbd97ff2	3088c3bee74c7f04cc8e5eb5d18f88e7c9fb835e
117ce21b018b7b9de71998374bf737ef39085902	b17e474f3dde4aa8e7fa515176ade1d282b35029	7e96c6747092ee61c41b0c7a8261e5aaaa6124e8	7e96c6747092ee61c41b0c7a8261e5aaaa6124e8	2025-10-26T09:33:05+09:00	2025-10-26T09:33:05+09:00	5bbd167ca9077b45d63eef1d0d8d270bac436936	13f6159043ceb1b5be335390ac58b4885fe88d04
6fad64c8adf9befbc16d752b11dad7f59c71f23c	7926f775df06539d69b4863fc3959d2655afc616	a7c64457f6b46f13b7ba237c3ab3e0c035903c49	a7c64457f6b46f13b7ba237c3ab3e0c035903c49	2025-10-28T15:40:14+09:00	2025-10-28T15:40:14+09:00	117ce21b018b7b9de71998374bf737ef39085902	b17e474f3dde4aa8e7fa515176ade1d282b35029
61d5b1bcb3bd11957b80c0da77273968a0ff8291	fcdc236d20bca39da99a65dd2cd36c27ab0dc275	1a8c7da1e71c80b66ea6f8d2a7f20d37ff07c6b3	1a8c7da1e71c80b66ea6f8d2a7f20d37ff07c6b3	2025-10-29T10:42:37+09:00	2025-10-29T10:42:37+09:00	6fad64c8adf9befbc16d752b11dad7f59c71f23c	7926f775df06539d69b4863fc3959d2655afc616
13a86af3783b54ceb758f713d1d9b15e67da067d	7d6e37cd0ff11b80144753bef00b5d496fb62557	1a8c7da1e71c80b66ea6f8d2a7f20d37ff07c6b3	1a8c7da1e71c80b66ea6f8d2a7f20d37ff07c6b3	2025-10-31T19:49:46+09:00	2025-10-31T19:49:46+09:00	24c35894500ba76b4bc3221c7e5797d355b63560 61d5b1bcb3bd11957b80c0da77273968a0ff8291	b87e19ea2a38a963c9297863b1448fdca6c21f7c fcdc236d20bca39da99a65dd2cd36c27ab0dc275
fc2d2ae28e79c395a33bc0ecde1a9fe56d0732e3	372cf5cbc517cf9854a94324f23d308b8edede3b	12f911b36ac35f8857cfe76266a511f551d4f0a0	12f911b36ac35f8857cfe76266a511f551d4f0a0	2025-11-01T14:52:09+09:00	2025-11-01T14:52:09+09:00	13a86af3783b54ceb758f713d1d9b15e67da067d	7d6e37cd0ff11b80144753bef00b5d496fb62557
68b472b9a4214085a2b62b24eaf62107d4af4459	275448e09e11d2ef1c4a5b52ae335ec1a582ae02	dc222cc28e5339176ed04d8611957f8d5f729c10	dc222cc28e5339176ed04d8611957f8d5f729c10	2025-11-03T13:51:03+09:00	2025-11-03T13:51:03+09:00	fc2d2ae28e79c395a33bc0ecde1a9fe56d0732e3	372cf5cbc517cf9854a94324f23d308b8edede3b
c53382bf587aad94d707cfacb6d168fac478d2c2	81d7b1aa35fd3960ac52ce6ac9e8d4d9ea129aab	6ac6611fa24c1dd5d1e9daeeb0cd4b78d4672106	6ac6611fa24c1dd5d1e9daeeb0cd4b78d4672106	2025-11-05T14:04:04+09:00	2025-11-05T14:04:04+09:00	68b472b9a4214085a2b62b24eaf62107d4af4459	275448e09e11d2ef1c4a5b52ae335ec1a582ae02
5e0bd49785805e4ee26ce0cd4c6829be438b85e5	547822fcd36d57b84222615ad32ce4fb92228ee7	3cf67e2590c05e37283182a39bc0f29dd663eeab	3cf67e2590c05e37283182a39bc0f29dd663eeab	2025-11-07T10:24:33+09:00	2025-11-07T10:24:33+09:00	c53382bf587aad94d707cfacb6d168fac478d2c2	81d7b1aa35fd3960ac52ce6ac9e8d4d9ea129aab
4733dc798334f1d1e8d12f6eb66bf43641a82951	b159e0487638a5be344cdd3e3b00620b784461fe	d62a02a57c7ff7526850e51b90154c808eaa558e	d62a02a57c7ff7526850e51b90154c808eaa558e	2025-11-09T13:15:59+09:00	2025-11-09T13:15:59+09:00	5e0bd49785805e4ee26ce0cd4c6829be438b85e5	547822fcd36d57b84222615ad32ce4fb92228ee7
4f546d61e6fb495377dcb2c9d3e9076ea4d78ddc	f8a0cff149a7c54140f0c5c913b52c56e53e0904	d62a02a57c7ff7526850e51b90154c808eaa558e	d62a02a57c7ff7526850e51b90154c808eaa558e	2025-11-11T13:53:51+09:00	2025-11-11T13:53:51+09:00	13a86af3783b54ceb758f713d1d9b15e67da067d 4733dc798334f1d1e8d12f6eb66bf43641a82951	7d6e37cd0ff11b80144753bef00b5d496fb62557 b159e0487638a5be344cdd3e3b00620b784461fe
a180bf4c2ea1f982e44b546ce61711e2964e7e28	3adf8c8c39bad7446631a822d9a3b75f1a863e88	3e8dde756ba1ba82d54080703d3538c4aa2e8d73	3e8dde756ba1ba82d54080703d3538c4aa2e8d73	2025-11-12T17:25:31+09:00	2025-11-12T17:25:31+09:00	4f546d61e6fb495377dcb2c9d3e9076ea4d78ddc	f8a0cff149a7c54140f0c5c913b52c56e53e0904
a3f4d2467246ce75b39c18427e2c844207c68362	2b5d15845073a1a6ac2f566991b1b4d54014af3c	7bcef90a61481db947f10904b3963ce36e66dfcd	7bcef90a61481db947f10904b3963ce36e66dfcd	2025-11-15T09:32:40+09:00	2025-11-15T09:32:40+09:00	a180bf4c2ea1f982e44b546ce61711e2964e7e28	3adf8c8c39bad7446631a822d9a3b75f1a863e88
e2d9502f5383663a1b367e8f135738b622e184a5	a7a48731755ae9fb610499c79bc155d4c13acc0a	f236ddc38b71bf37d3179ce6c5a2f3b52199b68a	f236ddc38b71bf37d3179ce6c5a2f3b52199b68a	2025-11-16T16:37:26+09:00	2025-11-16T16:37:26+09:00	a3f4d2467246ce75b39c18427e2c844207c68362	2b5d15845073a1a6ac2f566991b1b4d54014af3c
a63f33074282bba3fd3e277dcb55864cd1d92be9	d34cff56576e1b07cf1a7089dd0b8d45d1972865	4d3c9b3fa27941d8e7b0818dbd3be77c8c0beedd	4d3c9b3fa27941d8e7b0818dbd3be77c8c0beedd	2025-11-18T09:53:43+09:00	2025-11-18T09:53:43+09:00	e2d9502f5383663a1b367e8f135738b622e184a5	a7a48731755ae9fb610499c79bc155d4c13acc0a
c1f645ff195e3982b83e98c51c214e775ee5f5d2	6835b769ce69e53225efdff267bf69d47564e070	34cd32681851dc00adfacf2998489f3e8f6b2f3d	34cd32681851dc00adfacf2998489f3e8f6b2f3d	2025-11-19T09:44:35+09:00	2025-11-19T09:44:35+09:00	a63f33074282bba3fd3e277dcb55864cd1d92be9	d34cff56576e1b07cf1a7089dd0b8d45d1972865
b1b5edf0681c244da43b967785a418e80d083b69	5b8cc4e64e377f8d2194e752896b2d965ad196c5	b7dd87065967fe7024fdad05c28688c4f00d73e5	b7dd87065967fe7024fdad05c28688c4f00d73e5	2025-11-19T13:10:01+09:00	2025-11-19T13:10:01+09:00	c1f645ff195e3982b83e98c51c214e775ee5f5d2	6835b769ce69e53225efdff267bf69d47564e070
ce7342e06d83b32cab28649ecac77b6debb7fe36	502a1c13cd5f4f2afe9a7bca6d8e35e0efeea263	b7dd87065967fe7024fdad05c28688c4f00d73e5	b7dd87065967fe7024fdad05c28688c4f00d73e5	2025-11-20T10:54:33+09:00	2025-11-20T10:54:33+09:00	4f546d61e6fb495377dcb2c9d3e9076ea4d78ddc b1b5edf0681c244da43b967785a418e80d083b69	f8a0cff149a7c54140f0c5c913b52c56e53e0904 5b8cc4e64e377f8d2194e752896b2d965ad196c5
1d50dd7d5306a60f8573b6808d3bf07cc9fa30ff	03335053ae7ffa724c6aa4113f9620f426e216d0	788ee7cdc90ca7cd9bc3cf17c25a4b71b17c05b3	788ee7cdc90ca7cd9bc3cf17c25a4b71b17c05b3	2025-11-21T10:51:44+09:00	2025-11-21T10:51:44+09:00	ce7342e06d83b32cab28649ecac77b6debb7fe36	502a1c13cd5f4f2afe9a7bca6d8e35e0efeea263
cbe3633a7d623899ed5b53b5cbb7f3d0549b3eee	efdc075d1a229f8338c875a8c93eba5a4d0fb24e	b024fa186019000a86e49b178de49baabca840d9	b024fa186019000a86e49b178de49baabca840d9	2025-11-22T21:08:01+09:00	2025-11-22T21:08:01+09:00	1d50dd7d5306a60f8573b6808d3bf07cc9fa30ff	03335053ae7ffa724c6aa4113f9620f426e216d0
7de22ef5b3fa5d63f39d3554f13ecc7c4b913e33	5d8dd4d7138e26880c98af3b469b49ce382d623b	14f95d9d39743c105572be293d752ca8d68c2e15	14f95d9d39743c105572be293d752ca8d68c2e15	2025-11-24T09:24:19+09:00	2025-11-24T09:24:19+09:00	cbe3633a7d623899ed5b53b5cbb7f3d0549b3eee	efdc075d1a229f8338c875a8c93eba5a4d0fb24e
9cdfc1f949bc1cec4e5341b993e999994511c6d0	b63729daf7d71112cfaa4d8fcbb5846bb43f041a	25caae88868ec707ab711e7bdad3dd7d3821509c	25caae88868ec707ab711e7bdad3dd7d3821509c	2025-11-25T09:15:10+09:00	2025-11-25T09:15:10+09:00	7de22ef5b3fa5d63f39d3554f13ecc7c4b913e33	5d8dd4d7138e26880c98af3b469b49ce382d623b
a7cb739ea879b84512225b505a9478fdebede948	69c414ea99c8fd50f1e761e6019307db8dff9848	ae7e971039651ec0c98dc6b57849c877c022a178	ae7e971039651ec0c98dc6b57849c877c022a178	2025-11-26T16:31:28+09:00	2025-11-26T16:31:28+09:00	9cdfc1f949bc1cec4e5341b993e999994511c6d0	b63729daf7d71112cfaa4d8fcbb5846bb43f041a
7eb74e3c079f9d6482d757358fc06642b6820613	32818b67c10c3f9a4053c8bba2890876e656eac1	3d3b1d640caa2e5d810adfd6781c879e563b84d1	3d3b1d640caa2e5d810adfd6781c879e563b84d1	2025-11-27T15:22:19+09:00	2025-11-27T15:22:19+09:00	a7cb739ea879b84512225b505a9478fdebede948	69c414ea99c8fd50f1e761e6019307db8dff9848
bf1ceba3fa67e087317d8c090184aec5580fc931	24f35c323b193c4cdfee6b86caca0e0191fec28d	0942349bc00d80641c66d21ececcc6cb6c3025b8	0942349bc00d80641c66d21ececcc6cb6c3025b8	2025-11-28T14:13:11+09:00	2025-11-28T14:13:11+09:00	7eb74e3c079f9d6482d757358fc06642b6820613	32818b67c10c3f9a4053c8bba2890876e656eac1
a87f82a60fb5a9fa13cf2785e0447b4e9bbba503	c20ec2600b3dc881c5a53a5705d9ce4b8ffb70b5	3470232cd336984764aee0906bf55b34f0f227e7	3470232cd336984764aee0906bf55b34f0f227e7	2025-11-29T09:38:37+09:00	2025-11-29T09:38:37+09:00	bf1ceba3fa67e087317d8c090184aec5580fc931	24f35c323b193c4cdfee6b86caca0e0191fec28d
43a71bc605c7ac238489df74bd8a06d0c6715a72	ccd56896c6824840e690a6b6197193992c7b7ec4	3470232cd336984764aee0906bf55b34f0f227e7	3470232cd336984764aee0906bf55b34f0f227e7	2025-11-30T11:54:54+09:00	2025-11-30T11:54:54+09:00	ce7342e06d83b32cab28649ecac77b6debb7fe36 a87f82a60fb5a9fa13cf2785e0447b4e9bbba503	502a1c13cd5f4f2afe9a7bca6d8e35e0efeea263 c20ec2600b3dc881c5a53a5705d9ce4b8ffb70b5
1092f363813405be12ded9154a4f3e9cc001d9e5	7ad38d92b878c22ccc4281a311e07fa47aa572a7	fa9781c774c68a7cee58eb5e7a0a5840ccf60702	fa9781c774c68a7cee58eb5e7a0a5840ccf60702	2025-11-30T12:16:25+09:00	2025-11-30T12:16:25+09:00	43a71bc605c7ac238489df74bd8a06d0c6715a72	ccd56896c6824840e690a6b6197193992c7b7ec4
48476902aee38e658f5f6400908526783f2944ce	81e509559df3d4cd23de5f45b426aceb31b23010	578b6ef49f75b46bcb866592ca921b00dba71f6d	578b6ef49f75b46bcb866592ca921b00dba71f6d	2025-12-02T09:36:37+09:00	2025-12-02T09:36:37+09:00	1092f363813405be12ded9154a4f3e9cc001d9e5	7ad38d92b878c22ccc4281a311e07fa47aa572a7
17c9b2260fde51e11e681ecfb855735b166bb764	99a6b4da6e487f24524647b8870365ce7106bc87	b3234dd50a6a30ea779c2326848c9c806a23f666	b3234dd50a6a30ea779c2326848c9c806a23f666	2025-12-03T19:52:55+09:00	2025-12-03T19:52:55+09:00	48476902aee38e658f5f6400908526783f2944ce	81e509559df3d4cd23de5f45b426aceb31b23010
5e0f34382ffc48068e79b6648ba39c0ce9009013	9de57bb3551b140a60a45317f367643e8c90c845	143ba90c920b890a24331ae3d22eb997c2d93a4f	143ba90c920b890a24331ae3d22eb997c2d93a4f	2025-12-04T18:43:46+09:00	2025-12-04T18:43:46+09:00	17c9b2260fde51e11e681ecfb855735b166bb764	99a6b4da6e487f24524647b8870365ce7106bc87
6c5091788e6c1ca8985ee29573a082eec599d483	8182513d626f833f4813392c23320d3ca34f0c86	e96435cca24692a60ea26ff0f356e44d0c9dab5f	e96435cca24692a60ea26ff0f356e44d0c9dab5f	2025-12-06T09:00:04+09:00	2025-12-06T09:00:04+09:00	5e0f34382ffc48068e79b6648ba39c0ce9009013	9de57bb3551b140a60a45317f367643e8c90c845
d3a76a5126e5884ec0a9a77ae15ecc760440b1ee	49f6e7a4a50a311f4ba935561b2b8638741015c4	a3bccf70aee7e7eb287016eacb58839b7f2cfb67	a3bccf70aee7e7eb287016eacb58839b7f2cfb67	2025-12-07T09:50:55+09:00	2025-12-07T09:50:55+09:00	6c5091788e6c1ca8985ee29573a082eec599d483	8182513d626f833f4813392c23320d3ca34f0c86
d998349e61865a46d1d1ef0c16879bf1dac0fad1	d1793580a3d9bd76999f0cc9606cd33d9c967b58	36ee562f37b6b63a87a4f711e6fc315605e9e3b2	36ee562f37b6b63a87a4f711e6fc315605e9e3b2	2025-12-07T15:16:21+09:00	2025-12-07T15:16:21+09:00	d3a76a5126e5884ec0a9a77ae15ecc760440b1ee	49f6e7a4a50a311f4ba935561b2b8638741015c4
8ba25ea7d2fff868520aca0bb7bb6c9e2462ef0d	cf34917b51d430cc5b5fd376a809774ec4d15a6f	36ee562f37b6b63a87a4f711e6fc315605e9e3b2	36ee562f37b6b63a87a4f711e6fc315605e9e3b2	2025-12-09T09:32:38+09:00	2025-12-09T09:32:38+09:00	43a71bc605c7ac238489df74bd8a06d0c6715a72 d998349e61865a46d1d1ef0c16879bf1dac0fad1	ccd56896c6824840e690a6b6197193992c7b7ec4 d1793580a3d9bd76999f0cc9606cd33d9c967b58
2e0276f5582e5b14a60ca28cf80e2c30f229d8bf	26b21c9e7780017c96b486dcf3382624c73002c1	ff31785c59891aaef5b369b6a8b9f5717f3d6176	ff31785c59891aaef5b369b6a8b9f5717f3d6176	2025-12-09T12:58:04+09:00	2025-12-09T12:58:04+09:00	8ba25ea7d2fff868520aca0bb7bb6c9e2462ef0d	cf34917b51d430cc5b5fd376a809774ec4d15a6f
1c675170bc6ae286d0d52746e6a557dc0be3012f	46a758b458f37a56f8564d362ac84c2a8f10bf16	aa9cce8a126cffc0f67deb9cf5d4a5c70e0d8db4	aa9cce8a126cffc0f67deb9cf5d4a5c70e0d8db4	2025-12-10T11:06:57+09:00	2025-12-10T11:06:57+09:00	2e0276f5582e5b14a60ca28cf80e2c30f229d8bf	26b21c9e7780017c96b486dcf3382624c73002c1
4e123017599c60b781db72cc5227377f85996bd7	7a2339056d2e2a4be57e89d4f31ff4125c59ff70	af24825b4edaa12c40764c73ac27019894b2a434	af24825b4edaa12c40764c73ac27019894b2a434	2025-12-12T09:30:39+09:00	2025-12-12T09:30:39+09:00	1c675170bc6ae286d0d52746e6a557dc0be3012f	46a758b458f37a56f8564d362ac84c2a8f10bf16
d7dd8f8803ccf2ad688e9ba069872851153b8b1c	16d86b414f026f23eb93805cf04f93b0639033b4	5a9bfabf7403914718db531e909318fa6ebcd0fb	5a9bfabf7403914718db531e909318fa6ebcd0fb	2025-12-13T09:21:31+09:00	2025-12-13T09:21:31+09:00	4e123017599c60b781db72cc5227377f85996bd7	7a2339056d2e2a4be57e89d4f31ff4125c59ff70
e21aa9a445b8b7425b0201f9b15628bf88c700a7	c04ead5d28c283f0845bf5b7bd644f835aefc889	fe2bcca7c25265828dca224897c72fd93770eba4	fe2bcca7c25265828dca224897c72fd93770eba4	2025-12-14T18:37:48+09:00	2025-12-14T18:37:48+09:00	d7dd8f8803ccf2ad688e9ba069872851153b8b1c	16d86b414f026f23eb93805cf04f93b0639033b4
58610e8eae05f04536990b93a8d3236e9f03e644	dab8e28831936d5127696c52da20218dab2a2f92	33f4e9ee90a466537e7195a179d77bbe434e1884	33f4e9ee90a466537e7195a179d77bbe434e1884	2025-12-15T17:28:40+09:00	2025-12-15T17:28:40+09:00	e21aa9a445b8b7425b0201f9b15628bf88c700a7	c04ead5d28c283f0845bf5b7bd644f835aefc889
da04802abbbda24d670bf83d7e630271e17b9e34	057ef6da32bda8f1e1cc7644038d5df371bccb42	7efb77ff48693dd215e6b99bcd411b98af366696	7efb77ff48693dd215e6b99bcd411b98af366696	2025-12-16T09:54:05+09:00	2025-12-16T09:54:05+09:00	58610e8eae05f04536990b93a8d3236e9f03e644	dab8e28831936d5127696c52da20218dab2a2f92
f03b0290501c1040573ba3c5c0b0ba90bffa30c8	f54771a85bd88fe73e109d53afb820720ad4c88c	7efb77ff48693dd215e6b99bcd411b98af366696	7efb77ff48693dd215e6b99bcd411b98af366696	2025-12-17T15:10:23+09:00	2025-12-17T15:10:23+09:00	8ba25ea7d2fff868520aca0bb7bb6c9e2462ef0d da04802abbbda24d670bf83d7e630271e17b9e34	cf34917b51d430cc5b5fd376a809774ec4d15a6f 057ef6da32bda8f1e1cc7644038d5df371bccb42
69acbead6fb9b4525d522f74f39831d8dbc3c19b	a0f2d45f5de34e5d15ff4059ef5f3fdfebbbd4fb	7012887d6a66bfcab51c381fa41c3cfec88c23aa	7012887d6a66bfcab51c381fa41c3cfec88c23aa	2025-12-18T09:35:49+09:00	2025-12-18T09:35:49+09:00	f03b0290501c1040573ba3c5c0b0ba90bffa30c8	f54771a85bd88fe73e109d53afb820720ad4c88c
cc95bdd7a1ef054247a880d782f4bfbcf5ee285b	797d05afc51ec9145ae452214191bc8a2917e0eb	7433aceab9fd052847038cc28494a93ef3019752	7433aceab9fd052847038cc28494a93ef3019752	2025-12-20T09:17:32+09:00	2025-12-20T09:17:32+09:00	69acbead6fb9b4525d522f74f39831d8dbc3c19b	a0f2d45f5de34e5d15ff4059ef5f3fdfebbbd4fb
f8d3c0fd1898e5afbb17a600c742b62b0ea30d6f	db11d5345d7d92ec0079c28558534aca047ed0a0	57362b0cf837153fe46eb65f2f2684b128652ad4	57362b0cf837153fe46eb65f2f2684b128652ad4	2025-12-21T21:59:15+09:00	2025-12-21T21:59:15+09:00	cc95bdd7a1ef054247a880d782f4bfbcf5ee285b	797d05afc51ec9145ae452214191bc8a2917e0eb
eb6832a1f1c756dc0e6161a3ca842f9204c00862	04dd4c57cf3958798557d49a206616f7b32fab82	29423eb5ad8f95a2c0ad266010f89ac40f837b2a	29423eb5ad8f95a2c0ad266010f89ac40f837b2a	2025-12-22T20:50:07+09:00	2025-12-22T20:50:07+09:00	f8d3c0fd1898e5afbb17a600c742b62b0ea30d6f	db11d5345d7d92ec0079c28558534aca047ed0a0
cb70e844f5d0ed398781c1f7e388f4bc5fba4f14	f7bdf66a0916f62c3f90d8543dcce6beaf1b85ee	d7a513ac37caadb306c3fc36286b3118a5bfad7e	d7a513ac37caadb306c3fc36286b3118a5bfad7e	2025-12-24T18:31:50+09:00	2025-12-24T18:31:50+09:00	eb6832a1f1c756dc0e6161a3ca842f9204c00862	04dd4c57cf3958798557d49a206616f7b32fab82
d95beae2e9ce652f4a14300c5e3a0cda010f3b73	3a7e88b71ae5ea8e6abb8fa094b2814a1d139959	9a74dfe7512481514efce52b0acc30dde2f26432	9a74dfe7512481514efce52b0acc30dde2f26432	2025-12-25T17:22:41+09:00	2025-12-25T17:22:41+09:00	cb70e844f5d0ed398781c1f7e388f4bc5fba4f14	f7bdf66a0916f62c3f90d8543dcce6beaf1b85ee
bf314d6ec3dc60468361d49ed23133455febfe20	fd1fe3868bf4c0709f234b5aa574025c071e419a	7528eda0a40ad90a4dba8eb84b009f63760bc3c1	7528eda0a40ad90a4dba8eb84b009f63760bc3c1	2025-12-26T09:48:07+09:00	2025-12-26T09:48:07+09:00	d95beae2e9ce652f4a14300c5e3a0cda010f3b73	3a7e88b71ae5ea8e6abb8fa094b2814a1d139959
cddb6b47514df9093299068204fa9b245dde1cd4	ff99df4805898ef671376ee1d5929174bdedf7b7	7528eda0a40ad90a4dba8eb84b009f63760bc3c1	7528eda0a40ad90a4dba8eb84b009f63760bc3c1	2025-12-28T09:29:50+09:00	2025-12-28T09:29:50+09:00	f03b0290501c1040573ba3c5c0b0ba90bffa30c8 bf314d6ec3dc60468361d49ed23133455febfe20	f54771a85bd88fe73e109d53afb820720ad4c88c fd1fe3868bf4c0709f234b5aa574025c071e419a
cbbab1cd46acf0fdd0765544927df2550b2866dd	75ff3737de205cb84f17bdeb22a9eb1b3424b2b5	ef6ac8174de3f0e7f05b0a7d6021470ee00c1901	ef6ac8174de3f0e7f05b0a7d6021470ee00c1901	2025-12-29T09:20:42+09:00	2025-12-29T09:20:42+09:00	cddb6b47514df9093299068204fa9b245dde1cd4	ff99df4805898ef671376ee1d5929174bdedf7b7
f39c81fee76fc945a4fcac842b2ae9b878d94871	c881216ae97065e697416693fa7420ead2026501	8d9d88d26c8c779a4ecc9ebd9af0305a6a59a37b	8d9d88d26c8c779a4ecc9ebd9af0305a6a59a37b	2025-12-30T09:11:34+09:00	2025-12-30T09:11:34+09:00	cbbab1cd46acf0fdd0765544927df2550b2866dd	75ff3737de205cb84f17bdeb22a9eb1b3424b2b5
0d256219c6be1c26a3857053a7ae3d0bcb47a088	31676187e58cbcd73390793927385b2d6a1c23d4	8d9d88d26c8c779a4ecc9ebd9af0305a6a59a37b	8d9d88d26c8c779a4ecc9ebd9af0305a6a59a37b	2025-12-30T09:19:07+09:00	2025-12-30T09:19:07+09:00	cddb6b47514df9093299068204fa9b245dde1cd4 f39c81fee76fc945a4fcac842b2ae9b878d94871	ff99df4805898ef671376ee1d5929174bdedf7b7 c881216ae97065e697416693fa7420ead2026501
14f57d09e7d7ae98af8b615a77a733c539b3e26d	ba7254fd03e6fff287d5fad8620806918fc8a871	814e2e2696964d1103948052cc773f9b55e3d42c	814e2e2696964d1103948052cc773f9b55e3d42c	2025-12-31T10:27:51+09:00	2025-12-31T10:27:51+09:00	0d256219c6be1c26a3857053a7ae3d0bcb47a088	31676187e58cbcd73390793927385b2d6a1c23d4
fffacd0b37363f81afab25c078061ad08a9b8d54	1cc6bdf7ee922264da79054e77b9fc21314e7b57	814e2e2696964d1103948052cc773f9b55e3d42c	814e2e2696964d1103948052cc773f9b55e3d42c	2025-12-31T21:53:17+09:00	2025-12-31T21:53:17+09:00	0d256219c6be1c26a3857053a7ae3d0bcb47a088 14f57d09e7d7ae98af8b615a77a733c539b3e26d	31676187e58cbcd73390793927385b2d6a1c23d4 ba7254fd03e6fff287d5fad8620806918fc8a871
d2d24d1a8217a09dfff6f704977e29bead49ee53	900754d9b89afde00d0e66ecdbacb816856c247c	45b51e82232ca574414e3344f20801eb3bd93405	45b51e82232ca574414e3344f20801eb3bd93405	2026-01-02T09:09:34+09:00	2026-01-02T09:09:34+09:00	fffacd0b37363f81afab25c078061ad08a9b8d54	1cc6bdf7ee922264da79054e77b9fc21314e7b57
9e0f091c726caa0f8d027dc3c9ddf029ac77cde2	c60c0836629db15e09fdf1c2139f75838bbfb6a7	97d9ecbb4cf80d8f471067beadd2415f2a56fa75	97d9ecbb4cf80d8f471067beadd2415f2a56fa75	2026-07-12T09:22:43+09:00	2026-01-05T09:22:43+09:00	d2d24d1a8217a09dfff6f704977e29bead49ee53	900754d9b89afde00d0e66ecdbacb816856c247c
f7c1bc52fa36335aa2f8631c6bcf4f06a798137f	7362bfc2c681c025466290e817a641c5f639d11d	0ff052b68bd012b31b22c572ad6b2069c4953282	9d8b7c3de539285d3668d9de517a84ffb72d4f0b	2026-07-12T10:48:17+09:00	2026-01-06T10:48:17+09:00	9e0f091c726caa0f8d027dc3c9ddf029ac77cde2	c60c0836629db15e09fdf1c2139f75838bbfb6a7
1988796e6d246bf58430934edc85305bab0eaddf	a8516228a4c04456c309af267ba72af0fa4acab2	f0707be6dc25e0aea15b1f4562a7531898bdb135	f4026f392f3c73445db9e88cbc9b676a48d6ad98	2026-07-12T11:57:31+09:00	2026-01-07T11:57:31+09:00	f7c1bc52fa36335aa2f8631c6bcf4f06a798137f	7362bfc2c681c025466290e817a641c5f639d11d
1e340a517e6e0f2961bb49ea4a351a98b64532f4	-	a5d2fbd988b3dd38449192f8c4bc33d122061ffd	-	2026-07-15T17:14:22+09:00	-	1988796e6d246bf58430934edc85305bab0eaddf	-
